name,category,category_zh,path,width,height,frames,duration_ms,bytes,sha256
Airdramon,champion,成熟期,assets/vendor/digimon-ds/original/champion/Airdramon.gif,150,150,4,800,9498,fe50fdc91175124fca16f616731d7d64959d9e665b329e4554c361641b4d0081
Akatorimon,champion,成熟期,assets/vendor/digimon-ds/original/champion/Akatorimon.gif,69,95,4,1000,6872,fd41a9243be58823ab6338861033daf005d5906a32adc9636cf6654c21a4eded
Angemon,champion,成熟期,assets/vendor/digimon-ds/original/champion/Angemon.gif,150,150,4,800,9856,5b8b477670f9a98dc772f2dc086ecb69b5b769faa9b26fb234f20adf1a97ac4e
Ankylomon,champion,成熟期,assets/vendor/digimon-ds/original/champion/Ankylomon.gif,128,120,4,880,8477,66d8b767a053b23867c7c7f5351e390eb1a83bd7aa6af2418244c4dcc19cfad2
Apemon,champion,成熟期,assets/vendor/digimon-ds/original/champion/Apemon.gif,89,81,4,1000,5832,8f837c52841743c0449088d44255dcc7c44ebd7183fc95946189e6bf920834d3
Aquilamon,champion,成熟期,assets/vendor/digimon-ds/original/champion/Aquilamon.gif,150,110,4,1000,6813,e809ae9f0080c3250793141da09c9eeb95d68c1f3e94fe49100710610e539576
Bakemon,champion,成熟期,assets/vendor/digimon-ds/original/champion/Bakemon.gif,77,75,4,880,3300,0ba797d8ebd86c422e888d541681cd8d119126b109ef42bbfc0ec8fc1701d29d
Birdramon,champion,成熟期,assets/vendor/digimon-ds/original/champion/Birdramon.gif,150,150,4,800,8952,fb426b8a52a4f22e5e554db4a6a2605737bdda12fdb691bdf81a5821dbe01783
BomberNanimon,champion,成熟期,assets/vendor/digimon-ds/original/champion/BomberNanimon.gif,56,72,4,720,3678,c5af6712c1811a6018917c5acd405f4cd0dabfab06ab277e2a596e97dd702fb9
Centarumon,champion,成熟期,assets/vendor/digimon-ds/original/champion/Centarumon.gif,80,118,4,1000,9099,a0f2cea230610e53e313ddf0e6dd6d73d33f5cd2f59e9282e57d780ba0fac653
Chrysalimon,champion,成熟期,assets/vendor/digimon-ds/original/champion/Chrysalimon.gif,87,84,4,1000,4897,6ac63331234d789f410b523cbb98acb7720d554f92399b2c66c8182cc878d0ad
Clockmon,champion,成熟期,assets/vendor/digimon-ds/original/champion/Clockmon.gif,120,109,4,1000,12248,52a4a1948e24e027dbfb31068f44f7f275f061f098343692a1950d5b34eec1b9
Coelamon,champion,成熟期,assets/vendor/digimon-ds/original/champion/Coelamon.gif,89,76,4,1000,6293,c153cca58075298d9785103dfbb1ead57289b6e9c7f57b32ee9bea735a76fb30
DarkLizardmon,champion,成熟期,assets/vendor/digimon-ds/original/champion/DarkLizardmon.gif,85,93,4,1000,8236,f9de6f60c2c4b4ba7f9e05d83d1e55e53c43efd7f42c3db737e2c75f310fffe2
DarkTyrannomon,champion,成熟期,assets/vendor/digimon-ds/original/champion/DarkTyrannomon.gif,126,118,4,1000,12415,1b4bc8b8b76835f54782a8be590414c776d81fa33aeaf3b93fc98c900b1ef3d2
Deputymon,champion,成熟期,assets/vendor/digimon-ds/original/champion/Deputymon.gif,99,100,4,1000,9097,8db615eab3ee3af004f7f088e0cb21ac13043de11993aa1255c8370c02f110d6
Devidramon,champion,成熟期,assets/vendor/digimon-ds/original/champion/Devidramon.gif,99,108,4,1000,8474,5a5d9f65efc41f14cead76d2d9879c62943177d51e1f36283d20a900bfed787c
Devimon,champion,成熟期,assets/vendor/digimon-ds/original/champion/Devimon.gif,81,131,4,1000,9079,1c43f4f3c68462f2dd74aa444bdcfb4aa78d48988dd88e176c9f388ad7a32422
Diatrymon,champion,成熟期,assets/vendor/digimon-ds/original/champion/Diatrymon.gif,148,143,4,880,15963,7c927581012502b41ecf9d3048200a0e15583d9b4db40b3ec50ded007c11267e
Dinohumon,champion,成熟期,assets/vendor/digimon-ds/original/champion/Dinohumon.gif,89,119,4,1000,9715,5d464f603c9a0692b86ebed7f3a801cde715245fc2b9764bfddcaaf8d0144a5c
Dokugumon,champion,成熟期,assets/vendor/digimon-ds/original/champion/Dokugumon.gif,99,67,4,1000,8097,69468b68706145478b62fa4b92a9210a76bf3c514e5805473ae6e95aae1a5b9f
Dolphmon,champion,成熟期,assets/vendor/digimon-ds/original/champion/Dolphmon.gif,55,78,4,1000,4062,74d689f957ffacd8c145753cf86d5b55067a54912d0e4ed8faa7bea2db1d50cd
Dorugamon,champion,成熟期,assets/vendor/digimon-ds/original/champion/Dorugamon.gif,89,119,4,1000,9659,d1e6c5a29f472a5a076abc58bb2c7c768b7becfdeaffa48e6bea5dbb7fd78adf
Drimogemon,champion,成熟期,assets/vendor/digimon-ds/original/champion/Drimogemon.gif,123,80,4,1000,7877,bc0892d025414e9c3f2d368e17a5181e4963b0127977f73bcd8949f563baf598
Ebidramon,champion,成熟期,assets/vendor/digimon-ds/original/champion/Ebidramon.gif,126,145,4,1000,13714,3844c331ca6d20e7464cdc9085a3d6e686f41b56d7242978784272c08067c684
Evilmon,champion,成熟期,assets/vendor/digimon-ds/original/champion/Evilmon.gif,78,77,4,1000,5288,2f28d7741f09d4f2f8cc127219f95e3e909436ebba04f6a0a1f92142f51e6511
Firamon,champion,成熟期,assets/vendor/digimon-ds/original/champion/Firamon.gif,150,150,4,800,14077,019778a000a75ad39293a8193638b32762aaec488386f8cdfcb95a05e9428468
FlareLizardmon,champion,成熟期,assets/vendor/digimon-ds/original/champion/FlareLizardmon.gif,85,93,4,1000,8253,6106c6656544aa4b485b1c45191ca901171487c1ea0cf336b3e39165e9c759a3
Flymon,champion,成熟期,assets/vendor/digimon-ds/original/champion/Flymon.gif,109,120,4,400,7960,dc48333dfebd0d112edc6ad11fb37db15c52799f881e8ab984f8d2256130920e
Frigimon,champion,成熟期,assets/vendor/digimon-ds/original/champion/Frigimon.gif,53,77,4,1000,3605,ddfa677dba5971c9eaac7b00b74b79c6b50d58a90ec05cd4313ad87bd4e43cc6
Fugamon,champion,成熟期,assets/vendor/digimon-ds/original/champion/Fugamon.gif,100,89,4,1000,8419,a8d4dd1e3d08b78cc976329694e3570cdef15a1b34208c90961da6a1d04436ed
Galgomon,champion,成熟期,assets/vendor/digimon-ds/original/champion/Galgomon.gif,150,150,4,800,8545,08f500a1c4ece4b3118a20227124fca6437ff02475a73621144ee3940c6c553a
Gaogamon,champion,成熟期,assets/vendor/digimon-ds/original/champion/Gaogamon.gif,150,150,4,800,18441,446b5d811eab2aafc263863bebe665aa7eeb167c42f0ca4ec3f0f8f49d1c2553
Garurumon,champion,成熟期,assets/vendor/digimon-ds/original/champion/Garurumon.gif,150,150,4,800,10097,c8f0e9ca2f1048df314a602cd7a949f5c9deee82ced366f0410dc072e54444d0
Gekomon,champion,成熟期,assets/vendor/digimon-ds/original/champion/Gekomon.gif,59,84,4,1000,4328,e3d7e00207dd78eb4bd336c9d2d8d726164d4d2826234c1a2cc4115ff4011ee6
GeoGreymon,champion,成熟期,assets/vendor/digimon-ds/original/champion/GeoGreymon.gif,130,140,4,1000,11178,0cdc6541401ae8b75c373fad9c2396bf3cdeb344ddd77a402d2b165bc9b168ec
Geremon,champion,成熟期,assets/vendor/digimon-ds/original/champion/Geremon.gif,56,73,4,1000,4086,b5e993d5ef2bbdd1b88276589a23f157bcde14c08ce9d5d468eadaf029f5f08b
Gesomon,champion,成熟期,assets/vendor/digimon-ds/original/champion/Gesomon.gif,120,102,4,1000,8649,00a49166b23cb505c823b61ce9f78490cd98024cb9e79cdef440ea28fadc744e
Golemon,champion,成熟期,assets/vendor/digimon-ds/original/champion/Golemon.gif,98,111,4,1000,11030,cb781053755ec99003385246a32bc434e630603f9ecfe4d7fa71cd0ffee566c1
Greymon,champion,成熟期,assets/vendor/digimon-ds/original/champion/Greymon.gif,150,150,4,800,9415,607bb927824bbef8c8cc3ae9771ba3afe74ca58362732e19e1d4181d02e8b771
Grizzmon,champion,成熟期,assets/vendor/digimon-ds/original/champion/Grizzmon.gif,106,103,4,1000,8844,2c5052ff195e324e1a11ba7050b7cf021a72ac81f2af88f7886457b10e44e75f
Growlmon,champion,成熟期,assets/vendor/digimon-ds/original/champion/Growlmon.gif,150,150,4,800,8464,7a552b6cb37767c1cbddb9d7968385d2c9b5936a2011ad338c65c409a542b300
Guadromon,champion,成熟期,assets/vendor/digimon-ds/original/champion/Guadromon.gif,150,150,4,800,9471,f6d680b8515ef617a6bc80c95084a3391da45d1fb15c0a606be8920fcccfa8e7
Gwappamon,champion,成熟期,assets/vendor/digimon-ds/original/champion/Gwappamon.gif,74,106,4,1000,7747,07e05247e651a4c576b45328356370db028b958854fe20d6db85b626b5eaebd1
Hookmon,champion,成熟期,assets/vendor/digimon-ds/original/champion/Hookmon.gif,120,120,4,800,7264,e52a52389c65834db5a9e14bbb5bcc5f93dda47d68f47f9f24c2650967261247
Hyogamon,champion,成熟期,assets/vendor/digimon-ds/original/champion/Hyogamon.gif,98,89,4,1000,8689,e8782586399575737796ff1688f7ca7c110765825d33bbaad9511764ec671f66
IceDevimon,champion,成熟期,assets/vendor/digimon-ds/original/champion/IceDevimon.gif,81,131,4,1000,9271,241e87b39956df2b87146aa3b6cc21ef1591618ba5ff8e7d73815879253a2609
Icemon,champion,成熟期,assets/vendor/digimon-ds/original/champion/Icemon.gif,37,61,4,1000,2953,2f52962e12736123baf1f5fbbdae567de02f4047b8a270a1d62e8dc8db11bc50
Igamon,champion,成熟期,assets/vendor/digimon-ds/original/champion/Igamon.gif,100,93,4,880,5060,46d690eb9f0033ed327e464c28f6a5c6d1e7004e9899e3c62f8491659657473d
Ikkakumon,champion,成熟期,assets/vendor/digimon-ds/original/champion/Ikkakumon.gif,150,150,4,800,9696,1c7c0d6f2ec90cbb42680b0a5c09f0686d1ef46d4fbc3c829d4e50cd11d3ab46
J-Mojyamon,champion,成熟期,assets/vendor/digimon-ds/original/champion/J-Mojyamon.gif,80,89,4,1000,7532,2303b9b4cf7099ef180a8c1c25f807fd61e8eef6e266428afbb04c050e9f4df6
Kabuterimon,champion,成熟期,assets/vendor/digimon-ds/original/champion/Kabuterimon.gif,150,150,4,800,10666,e7ef746888fdfb5e481cbff45c15420fa42f3d442ca62cb5ab30a721e40146eb
KaratsukiNumemon,champion,成熟期,assets/vendor/digimon-ds/original/champion/KaratsukiNumemon.gif,68,63,4,1000,4318,a535f1c504c19432f1c3cb5014b87eda2c367f32da94803c7116c5a920463998
Kiwimon,champion,成熟期,assets/vendor/digimon-ds/original/champion/Kiwimon.gif,67,72,4,1000,4139,49f0593108df338795ed98686e2678e81899bb16c060d5b0e7f2dfe67b633b05
KnightChessmonBlack,champion,成熟期,assets/vendor/digimon-ds/original/champion/KnightChessmonBlack.gif,150,150,4,800,10689,02d4b2d5db7fb855b3118419d322737fddf80c819283575fa85592db82573f3c
KnightChessmonWhite,champion,成熟期,assets/vendor/digimon-ds/original/champion/KnightChessmonWhite.gif,150,150,4,800,10571,8e3ccaea789510d4195276f3efd96b7f1221506535c8158e2f083a62e43f481e
Kokatorimon,champion,成熟期,assets/vendor/digimon-ds/original/champion/Kokatorimon.gif,69,95,4,1000,7133,3f705f6a973a5d28b4b4593ba5305b5e4c222cf32042d134d1c7063fca0e3e34
Kougamon,champion,成熟期,assets/vendor/digimon-ds/original/champion/Kougamon.gif,133,89,4,880,5163,0374de6adca0bc73021a14e810e24ff5ffb30da0df259c5cf021ec0cf05e3b5b
Kuwagamon,champion,成熟期,assets/vendor/digimon-ds/original/champion/Kuwagamon.gif,150,150,4,800,11727,09555928b66cc2c6acec45af7fdf2a97b290111d2026863e9621f91f062928f3
Kyubimon,champion,成熟期,assets/vendor/digimon-ds/original/champion/Kyubimon.gif,150,150,4,800,11340,aa4cc6f361e368a4fde8dda346cc08a3c8b6e0037880edec80e107b8f8a9e038
Lekismon,champion,成熟期,assets/vendor/digimon-ds/original/champion/Lekismon.gif,150,150,4,800,10534,a31fd401e9415d8f72c1c3369d6615772f94aa8ea7e67c3e0e244a9be313bf78
Leomon,champion,成熟期,assets/vendor/digimon-ds/original/champion/Leomon.gif,81,108,4,1000,7281,44856c2ce9596e01239945181c0d74154374f35f54c196b567338f02145a0af7
Leppamon,champion,成熟期,assets/vendor/digimon-ds/original/champion/Leppamon.gif,150,150,4,800,12839,d1efbb16b48fb44d9fef5d44a3d3e6635a59b4a7a266ca3d5a3c4fe8f3b8689e
Mechanorimon,champion,成熟期,assets/vendor/digimon-ds/original/champion/Mechanorimon.gif,117,116,4,1000,11025,19418e1b59797de6f41b4fb72af59391f3c29c283c853f126eafc5a7440d0fa7
Minotarumon,champion,成熟期,assets/vendor/digimon-ds/original/champion/Minotarumon.gif,109,135,4,1000,13289,b210758fd9ffcfd5eb33ddadf73480669dab534000305a348925aec17f1cf474
Mojyamon,champion,成熟期,assets/vendor/digimon-ds/original/champion/Mojyamon.gif,80,89,4,1000,7600,15fb0d31f279b73207155ae04fbf5b1b77d60befee43b4332cc11db9de6094c3
Monochromon,champion,成熟期,assets/vendor/digimon-ds/original/champion/Monochromon.gif,113,113,4,1000,10761,0a1c38d0af6dada81a33af16da7e6a65c14fc474d62752c37ea5d5ebd386d99d
MoriShellmon,champion,成熟期,assets/vendor/digimon-ds/original/champion/MoriShellmon.gif,113,100,4,1000,11865,b05db69699518f98dad0cd43b757f4f388f518162f977f18c660f5b9047fce0e
MudFrigimon,champion,成熟期,assets/vendor/digimon-ds/original/champion/MudFrigimon.gif,53,77,4,1000,3508,a7cdcdc397319ed1e76f7fdd4be30e854838e5b0db0441533b3568dbec56068d
Musyamon,champion,成熟期,assets/vendor/digimon-ds/original/champion/Musyamon.gif,99,111,4,1000,10697,23c32445a4fa72286e47b2c4fc4b5a09c28fe69f205976396564f42bb0dc8673
Nanimon,champion,成熟期,assets/vendor/digimon-ds/original/champion/Nanimon.gif,56,57,4,1000,3470,bdf8b4d4c50caae6185c66d322c41e75fc7ed4530110278adc1400a3e59b69eb
NiseDrimogemon,champion,成熟期,assets/vendor/digimon-ds/original/champion/NiseDrimogemon.gif,123,80,4,1000,7860,075668b775b40026aa8fb713980b20038fab40d1f099e5916654424b7697fa87
Numemon,champion,成熟期,assets/vendor/digimon-ds/original/champion/Numemon.gif,56,73,4,1000,4086,b3f1844beebcdc47c5b943ed2d13a5ea3554ab2bf2370790ae575f90bb81ac7a
Octomon,champion,成熟期,assets/vendor/digimon-ds/original/champion/Octomon.gif,97,84,4,1000,9041,8eda11924665bb5e318e529262124ea7ae335a85d8e42c2428865b300511e5dc
Ogremon,champion,成熟期,assets/vendor/digimon-ds/original/champion/Ogremon.gif,100,99,4,1000,8660,df0044906ad9880c9f9c6d1f98fb16f11ffdab2867508bc8c8b0ac7b4f41b22e
Omekamon,champion,成熟期,assets/vendor/digimon-ds/original/champion/Omekamon.gif,125,101,4,880,8006,573c6ca9e64c0ce3b8378b94ec63b144d174e9779015204dd060dfe904a2931d
Peckmon,champion,成熟期,assets/vendor/digimon-ds/original/champion/Peckmon.gif,150,150,4,800,8576,848da4ca8d86ef1f13422ab09f562bacec349739235f5ab15f3c76c991b4b55e
PlatinumSukamon,champion,成熟期,assets/vendor/digimon-ds/original/champion/PlatinumSukamon.gif,104,99,4,1000,7949,503c381ca01b1196e1982e9ce51b6b48e7782745575b48d6afefc0fd0b9e1307
Raptordramon,champion,成熟期,assets/vendor/digimon-ds/original/champion/Raptordramon.gif,180,180,4,800,13499,53bd9d7c4dc723b9cd1c381d6e31d7f67def4bab1f86e871a03374d39219ecbb
Raremon,champion,成熟期,assets/vendor/digimon-ds/original/champion/Raremon.gif,120,107,4,1000,10965,cc79e2e427f66e8b8d8d26413eb57dbf998c284094c4c71209a5e7b0c52acfb3
RedVeggiemon,champion,成熟期,assets/vendor/digimon-ds/original/champion/RedVeggiemon.gif,87,69,4,1000,4994,69fd419e984d45e4cdc6c72f04c0f52787fde72e98709595f72f9f6bc8abf700
Roachmon,champion,成熟期,assets/vendor/digimon-ds/original/champion/Roachmon.gif,100,100,4,800,6156,0063ae91268375dcd44f3bca4fe7fbcd67109c2d49f50b9105967730455b84c7
Saberdramon,champion,成熟期,assets/vendor/digimon-ds/original/champion/Saberdramon.gif,120,131,4,850,8846,454ce42d4a6928b900e8828d9852eb1de5c6697a341755c424adf44dd04e96d3
SandYanmamon,champion,成熟期,assets/vendor/digimon-ds/original/champion/SandYanmamon.gif,107,86,4,400,5301,88afd423d4f70a750f13e83205857334a33b16a319db6427e923b00fe05e590e
Sangloupmon,champion,成熟期,assets/vendor/digimon-ds/original/champion/Sangloupmon.gif,140,152,4,880,15323,641d07e86ca11596b853b089c0a471de2b5b9899615a45e83500aeeede6e62e4
Seadramon,champion,成熟期,assets/vendor/digimon-ds/original/champion/Seadramon.gif,78,79,4,1000,6307,356a19a672d43a4186aa008d1cea53d9096fb1bea96759e03d7ef91dfa6705eb
Seasarmon,champion,成熟期,assets/vendor/digimon-ds/original/champion/Seasarmon.gif,86,84,4,1000,7505,93e758c83a81eeb969f34308824a754e44a697052d1bd19aebad1a85bdd43c41
Shellmon,champion,成熟期,assets/vendor/digimon-ds/original/champion/Shellmon.gif,113,100,4,1000,11944,613056566a1aa5ebceaadcab081c77f5b990e88b2fbd9546ce6ecab79b723fe2
Snimon,champion,成熟期,assets/vendor/digimon-ds/original/champion/Snimon.gif,125,96,4,1000,11624,0281998f68b69a12cd7d08a62b711a6f5166478929506a78a79de1dd7a4725d7
Sorcerymon,champion,成熟期,assets/vendor/digimon-ds/original/champion/Sorcerymon.gif,97,100,4,1000,8315,f6a6b605db2f359e01f8a6d7235693c81d4f04f234c1d8dd1b8299695fbf5fc8
Starmon,champion,成熟期,assets/vendor/digimon-ds/original/champion/Starmon.gif,69,82,4,1000,6088,76b6b4d6b437c26d2fa2ed7e2ad5b6abff82444f8d3526ced6491af4b5fa4dd3
Stingmon,champion,成熟期,assets/vendor/digimon-ds/original/champion/Stingmon.gif,150,150,4,800,9484,2efa422ebc90ab9514aef09bf9d1d379c27ce91c07e27bd0bbe8e599fcbf5c53
Sukamon,champion,成熟期,assets/vendor/digimon-ds/original/champion/Sukamon.gif,104,99,4,1000,7695,6b6b5feccb464b7f726dc0f376e8a44bde2df08646782eaa9119d18b15a3ba4d
Sunflowmon,champion,成熟期,assets/vendor/digimon-ds/original/champion/Sunflowmon.gif,150,150,4,800,9066,da39171da6256399b42643fe2c01819b19dbd55962051a1919116c3316b6c985
Tailmon,champion,成熟期,assets/vendor/digimon-ds/original/champion/Tailmon.gif,150,150,4,800,4844,46da2ba98bb123aec3ce88c1ac86da17348109c8309ec10211417684d9ae1e80
Tankmon,champion,成熟期,assets/vendor/digimon-ds/original/champion/Tankmon.gif,104,88,4,1000,10840,fccba664502705ebb8fb8c61064cf3f7a30404cb32cfe70eb89b58b2c2a62501
Thundermon,champion,成熟期,assets/vendor/digimon-ds/original/champion/Thundermon.gif,54,49,4,1000,2832,3715fafc0dfafd9f3600696c4064462886ee445e3b9beb09270ac700056f8fab
Togemon,champion,成熟期,assets/vendor/digimon-ds/original/champion/Togemon.gif,150,150,4,800,10194,ed588dfcc6250404339bd2137cc594deeb66b9ce2e0960756924236db0c05a16
Tortomon,champion,成熟期,assets/vendor/digimon-ds/original/champion/Tortomon.gif,115,76,4,1000,9537,b252c791f67c3c6ad9784758fee5b0deae8a1ae522e17a2ced256ab931795556
Unimon,champion,成熟期,assets/vendor/digimon-ds/original/champion/Unimon.gif,89,119,4,1000,7791,7f7517c406db74c3b18628796e360a4be3fb9a9c61cbaa1694979baa72977336
V-Dramon,champion,成熟期,assets/vendor/digimon-ds/original/champion/V-Dramon.gif,98,114,4,1000,9604,48f1df5c74b06814a3924042b9ee61960d55890aac24c85c33fa1f05e3acbc51
Veggiemon,champion,成熟期,assets/vendor/digimon-ds/original/champion/Veggiemon.gif,86,69,4,1000,5245,72b5a9bdf5c599500bbf0b338183a01472ac2d7f938191ea5f1561303f57e5e8
Weedmon,champion,成熟期,assets/vendor/digimon-ds/original/champion/Weedmon.gif,86,69,4,1000,4959,580236476f6befb5e8c8485277a29c54222895f1a2b54af597834d4780fea039
Wendimon,champion,成熟期,assets/vendor/digimon-ds/original/champion/Wendimon.gif,150,150,4,800,9323,63f175c48fe0515a942330626fd1e6f33dc6d12ece2a49733e7af42c146c3d0a
Wizarmon,champion,成熟期,assets/vendor/digimon-ds/original/champion/Wizarmon.gif,106,100,4,1000,8426,c7cb0a313cce2067dca2c94964edf2175f46ad99cb326f23ad782ab9a816ee1a
Woodmon,champion,成熟期,assets/vendor/digimon-ds/original/champion/Woodmon.gif,95,84,4,1000,7502,50a037366ee69d7f7efe676861005a6f677fe57fa2afc12a555da0f9025b8d57
XV-mon,champion,成熟期,assets/vendor/digimon-ds/original/champion/XV-mon.gif,150,150,4,800,7127,a23bb266c13eb1204058cd22de7e1b4c709a2243feea4d492ac17658b1efed55
Yanmamon,champion,成熟期,assets/vendor/digimon-ds/original/champion/Yanmamon.gif,107,86,4,400,5301,4edd861642fd06a6980e3a5e656842e642f68bfc83bdf7286350c9d08fd63b9b
tyranomon,champion,成熟期,assets/vendor/digimon-ds/original/champion/tyranomon.gif,125,125,4,800,7544,ae3cdc9f46dbc6a7b32e7c210b1269b13236b58db67d63844aa758b8ba7e934d
Botamon,in-training,幼年期,assets/vendor/digimon-ds/original/in-training/Botamon.gif,37,34,4,1000,1271,a6616a79b0a2082723244b9d3315712745b907172e41f4560567f91b507c59a6
Budmon,in-training,幼年期,assets/vendor/digimon-ds/original/in-training/Budmon.gif,53,39,4,1000,2282,c1728a7661a8db5b34632d19eaaf77ee17c93c6e17d5560ced7511cb03e0276e
Calumon,in-training,幼年期,assets/vendor/digimon-ds/original/in-training/Calumon.gif,70,55,4,1000,2406,52dcee80e36a6240a1072885ea4823af6e68e538b52ec8a2dd5a83789f38e869
Chibomon,in-training,幼年期,assets/vendor/digimon-ds/original/in-training/Chibomon.gif,100,100,4,880,1710,8fa4161c22e0a521b33fa94b37912ab74d076532781dc4c3f161810abb3471ee
Chicchimon,in-training,幼年期,assets/vendor/digimon-ds/original/in-training/Chicchimon.gif,70,70,4,800,2730,7d1cb3ca16e26d6f417b3a68a9e8f7dce64065f55a173331c54bb3b10edff563
Chocomon,in-training,幼年期,assets/vendor/digimon-ds/original/in-training/Chocomon.gif,34,44,4,1000,1615,4aba84a5580d98f9ab221c38675fe7193cca00be099467fb1304b56e0051aef4
Dorimon,in-training,幼年期,assets/vendor/digimon-ds/original/in-training/Dorimon.gif,100,100,4,880,1955,6bbde41e9b95eae9b44451181d990e8938846cfa42879f941bb969fc23561bb7
Gigimon,in-training,幼年期,assets/vendor/digimon-ds/original/in-training/Gigimon.gif,60,50,4,1000,2605,483fbbd093bf6440d5857c7d31a343339508101ea5863bcb2dc63ade58bc9464
Gumymon,in-training,幼年期,assets/vendor/digimon-ds/original/in-training/Gumymon.gif,34,43,4,1000,1545,a6f8bdd8804a71fdbd395cb8ac78420aae19541fa3f7362585c1a27cd5e0c040
Kapurimon,in-training,幼年期,assets/vendor/digimon-ds/original/in-training/Kapurimon.gif,53,49,4,1000,2632,320d836ed9ff623c4353b97a6edcb13ede94b949bd01596cbdf725cb7ea5773d
Koromon,in-training,幼年期,assets/vendor/digimon-ds/original/in-training/Koromon.gif,40,31,4,1000,1785,0014e2e9c1c13edf1a59581c3307816ada3f7246639a229b0824ee6f2c1192bd
Kuramon,in-training,幼年期,assets/vendor/digimon-ds/original/in-training/Kuramon.gif,39,39,4,1000,1728,8492b90d09765a50fa474551bf312cc855f598a6400ba508902f046f5f915c48
Minomon,in-training,幼年期,assets/vendor/digimon-ds/original/in-training/Minomon.gif,33,62,4,1000,2267,31cd0ce2492ae9d3bc546b1667dc55be8f3f8693076d5b11968a65e258e5eaf8
Moonmon,in-training,幼年期,assets/vendor/digimon-ds/original/in-training/Moonmon.gif,27,54,4,1000,1538,6ae64a678c1ce97cb130803cb4218ecb800077c1603a13e9209ab3e6cac9ee66
Pagumon,in-training,幼年期,assets/vendor/digimon-ds/original/in-training/Pagumon.gif,54,29,4,1000,1528,4673386fe2d97a0a08ded64e8621ae8744a07a5e17ced4fb28f47c6e227098a4
Poyomon,in-training,幼年期,assets/vendor/digimon-ds/original/in-training/Poyomon.gif,35,35,4,1000,1520,a07f98d3366f6c0d7806fd8c68def242726e86eae9b7c94b45aec77a28397f8d
Puttimon,in-training,幼年期,assets/vendor/digimon-ds/original/in-training/Puttimon.gif,43,35,4,1000,1716,340b6b5bd60bcf792cfaf53e507b921005f65929b08668badabeecd0acccfdb6
Sunmon,in-training,幼年期,assets/vendor/digimon-ds/original/in-training/Sunmon.gif,37,59,4,1000,2021,6353f0c9847dad948704c6e7c5efb7a9117ccc0adfdceeefc862f14014765521
Tanemon,in-training,幼年期,assets/vendor/digimon-ds/original/in-training/Tanemon.gif,43,42,4,1000,2170,303af5d6d7bc45f93855d0030ed855ac91971d2f3e68f8b3e2999c202a24228a
Tokomon,in-training,幼年期,assets/vendor/digimon-ds/original/in-training/Tokomon.gif,45,43,4,1000,1888,3d8a9d9d530bfc880a7d12f97a92e86faa7d9335b03550ba9d7035ba14e22127
Tsumemon,in-training,幼年期,assets/vendor/digimon-ds/original/in-training/Tsumemon.gif,71,67,4,1000,2993,ee7ef21e380871926068b9236296552582a03be022f0831c745f487293a7fd24
Tsunomon,in-training,幼年期,assets/vendor/digimon-ds/original/in-training/Tsunomon.gif,31,51,4,1000,1886,444e1f1fce9853bc2f1fbdfd9df62694fa491ffbd4731dc97027806fc741706f
Wanyamon,in-training,幼年期,assets/vendor/digimon-ds/original/in-training/Wanyamon.gif,80,80,4,800,3226,1bbfb484c2b2207c1b8e9cfd66d9a6a5b7acd7512afaecd06702fa7d3ff2b9f5
Alphamon,mega,究极体,assets/vendor/digimon-ds/original/mega/Alphamon.gif,120,155,4,1000,16401,1b0b733007ca35587774440fca66c973864e73eeac09f532544ceec4415d770e
Anubismon,mega,究极体,assets/vendor/digimon-ds/original/mega/Anubismon.gif,117,118,4,1000,16474,bff352ecb9f4e7287925156d7540c2a663bca3172e42607dcc94baab13624947
Apocalymon,mega,究极体,assets/vendor/digimon-ds/original/mega/Apocalymon.gif,136,142,4,1000,14731,b5c12394623130e4182bc43eee83d1784d286ddf1e7194de990297469ff34fe6
Apollomon,mega,究极体,assets/vendor/digimon-ds/original/mega/Apollomon.gif,180,180,4,800,21346,043bd31c2c064256bc0031381c4a7a47d0193fc8bdeb508dcbaed9d576ce8519
ArgomonUltimate,mega,究极体,assets/vendor/digimon-ds/original/mega/ArgomonUltimate.gif,150,150,4,800,13797,ccfd15c464ad3dc5fdb589d2fcbdd2651fc8d5062beef5cd416f608913370629
Armageddemon,mega,究极体,assets/vendor/digimon-ds/original/mega/Armageddemon.gif,200,200,4,800,17416,e51b237a4d208cac17284c17c9448edb1f719660040d8d32112b853461565803
Babamon,mega,究极体,assets/vendor/digimon-ds/original/mega/Babamon.gif,69,97,4,1000,8474,0174efd7c4a3f7d2e52d705f0f9750d36155867e914427d213b6a55cd0db50bf
BantyoLeomon,mega,究极体,assets/vendor/digimon-ds/original/mega/BantyoLeomon.gif,114,164,4,1000,21793,b6bcf243af4e09122f65bce57c21310177ea0110aced1b28bf54bcc6c8c9f6da
Beelzebumon,mega,究极体,assets/vendor/digimon-ds/original/mega/Beelzebumon.gif,90,170,4,1000,13816,bdcf4cbfa3666babd6d124a0b2a1222d2548f89567e6f0ae2562928e6fd9a1ba
BeelzebumonBlaster,mega,究极体,assets/vendor/digimon-ds/original/mega/BeelzebumonBlaster.gif,140,180,4,1000,18121,f6b950b152652b42b73a73bb217ad85b9fac2174ee1c0246517b9f9e6d16d8ea
BelialVamdemon,mega,究极体,assets/vendor/digimon-ds/original/mega/BelialVamdemon.gif,180,180,4,800,17790,9a99fba35dcb3604bde4521fd874773a841b6c25ea141eff400aa47f512bdf11
BlackSaintGalgomon,mega,究极体,assets/vendor/digimon-ds/original/mega/BlackSaintGalgomon.gif,103,160,4,1000,39193,86cf7a57b3b2c897d93c8c5b144dae47962031b2f5410e33e6b0de2b59e72536
BlackWarGreymon,mega,究极体,assets/vendor/digimon-ds/original/mega/BlackWarGreymon.gif,150,150,4,800,12035,88bb6bab9aaf00c30ff561ce8e8cc1f10ab13f760717130006c863c3a46a5e6f
Boltmon,mega,究极体,assets/vendor/digimon-ds/original/mega/Boltmon.gif,87,125,4,1000,12322,64ca7a57013c9986fcff59e6dc087cd259cdf87bcffd88d51764042574f5155d
Cannondramon,mega,究极体,assets/vendor/digimon-ds/original/mega/Cannondramon.gif,160,131,4,1000,44015,a44b388a817b34aba736038f663fd3edbdabe4117630e4f675c6f1e38f3bc14a
ChaosDukemon,mega,究极体,assets/vendor/digimon-ds/original/mega/ChaosDukemon.gif,141,114,4,1000,13482,e8578e63b89acbd8d025516e1212cfa73c7cf9e0c56e7caed52a389fdcc4be1e
Chaosmon,mega,究极体,assets/vendor/digimon-ds/original/mega/Chaosmon.gif,118,157,4,1200,18140,c5072a58de7cd6583ca491b5f2f4e794a0e74c4d0d1f704a7a77524efdb5ca2c
Cherubimon,mega,究极体,assets/vendor/digimon-ds/original/mega/Cherubimon.gif,155,190,4,1000,16196,041001a0019f3d4d4f33e07f17211d95153298a1620ec67d3a55c7ef4b872087
CherubimonVirus,mega,究极体,assets/vendor/digimon-ds/original/mega/CherubimonVirus.gif,144,177,5,1250,20376,cf28295dea8a938ee07c2b409891cd98e3d904b00258eb8ca6c69562a177ec3e
Chronomon,mega,究极体,assets/vendor/digimon-ds/original/mega/Chronomon.gif,133,156,4,800,15919,56f2744c321be7b044bac0d7f6ee370512ea83505b3b116b1c356e1734afa090
Creepymon,mega,究极体,assets/vendor/digimon-ds/original/mega/Creepymon.gif,115,149,4,880,9921,aed051ecceb6984897a014ff555e5936ec9884f75bdd1b5a51e4f07336dd8774
DMGaogamon,mega,究极体,assets/vendor/digimon-ds/original/mega/DMGaogamon.gif,56,58,4,1600,2914,96d025216c0bf47452d05ef3bebdaa4de8d5f7fbc112581804ffe66c0ea4977e
DSGreymon,mega,究极体,assets/vendor/digimon-ds/original/mega/DSGreymon.gif,56,58,4,1600,3240,e1ae73bd648c6290465c4fdff9e6d97aed891c87d648c9cf8f81582f49eedcc9
Darkdramon,mega,究极体,assets/vendor/digimon-ds/original/mega/Darkdramon.gif,180,180,4,800,17416,17b7b3291ba8f334b831b723e9416da9c5923671cf1de6c240f43c187ffa3976
Deathmon,mega,究极体,assets/vendor/digimon-ds/original/mega/Deathmon.gif,155,126,4,800,13249,1d7efd07aa6ab3ca9a800d054fc8453aa192aed548650560c99104073483b05d
DeathmonBlack,mega,究极体,assets/vendor/digimon-ds/original/mega/DeathmonBlack.gif,153,126,4,800,13367,326a02c5cb3ac8e0d8b4e3a6e28cefd7ae84e7b5965699b46bb0bc431f1e15e8
Devitamon,mega,究极体,assets/vendor/digimon-ds/original/mega/Devitamon.gif,140,141,4,800,11331,257b7335414d872b44cf2bd8ab8006e60950b887acbf0f2545c3daaac906124d
Diaboromon,mega,究极体,assets/vendor/digimon-ds/original/mega/Diaboromon.gif,190,127,4,880,13036,6bedd30f41191565f6099b28b3576a3ef7e49feb4d55f4c0d459cf6191bc1b06
Dianamon,mega,究极体,assets/vendor/digimon-ds/original/mega/Dianamon.gif,110,155,4,1000,14248,92bd9ef3b1593dc1ba4e5b7d8b22c1eca42c71b6919eefb5b7b718108d0bbfe9
Dorugoramon,mega,究极体,assets/vendor/digimon-ds/original/mega/Dorugoramon.gif,200,200,4,800,21548,5f3d12ce5872a593c2803b1968f155c4909b661f23d6fec4601b93e4857a7700
Duftmon-1,mega,究极体,assets/vendor/digimon-ds/original/mega/Duftmon-1.gif,102,140,4,1200,11120,71a052036e1119ffed9e71fd338c6a820119ccc6aad65c5492fcba3a55326168
Dukemon,mega,究极体,assets/vendor/digimon-ds/original/mega/Dukemon.gif,150,150,4,800,15061,0b2b29008d408b967563fac170d539ba306c94233f791f23619b8460ff3c877e
DukemonCM,mega,究极体,assets/vendor/digimon-ds/original/mega/DukemonCM.gif,154,148,4,1200,18167,ff4ad493ca6ef3d39247c6d74e1a4b2cf2bc971bed6bad8803c6b69e49efd452
Eaglemon,mega,究极体,assets/vendor/digimon-ds/original/mega/Eaglemon.gif,107,99,4,1000,10003,edd378e1d6b64ff53a1cbacc8f32f2749e6de9d0347bfaea9571eead260e78c7
Ebemon,mega,究极体,assets/vendor/digimon-ds/original/mega/Ebemon.gif,81,96,4,800,6558,90c0360a80079530e7e8fc5e75a8ad4dd70961ae6224bc1529394c78b7b81600
Galfmon,mega,究极体,assets/vendor/digimon-ds/original/mega/Galfmon.gif,117,156,4,800,19822,f1d97dac7ce6b8af4282fe475ceb32a811bb17b1d5b6378ea10b5720388abf41
GigaSeadramon,mega,究极体,assets/vendor/digimon-ds/original/mega/GigaSeadramon.gif,144,124,4,1000,14171,2a5dba52b3ac3475390a67dbd9f32f35c526e539b922345761730c3600f61352
Goldramon,mega,究极体,assets/vendor/digimon-ds/original/mega/Goldramon.gif,120,165,4,1000,14931,6d248f02c8180a96913397360457918ca97218f70658230fef97f215d9c78b65
GranKuwagamon,mega,究极体,assets/vendor/digimon-ds/original/mega/GranKuwagamon.gif,150,150,4,800,13188,1b8f95ddc9fc0d6406b343b8610aafbe4a3b0a87f04b0dcb62c3239806cb7b06
Gryphonmon,mega,究极体,assets/vendor/digimon-ds/original/mega/Gryphonmon.gif,107,116,4,1000,13768,ed94ccc650a348697171a379c682a38acc5b2cf1ffc78302b061a05c095ec0e6
HerculesKabuterimon,mega,究极体,assets/vendor/digimon-ds/original/mega/HerculesKabuterimon.gif,180,180,4,800,18138,bb90fd093ba99af297783b58a38134d5f7ea79f1fd179ac181de358172a85e7e
HiAndromon,mega,究极体,assets/vendor/digimon-ds/original/mega/HiAndromon.gif,150,150,4,800,9753,f38ab52dca980831d5f93b485e0337a343790ba6d44c54ffaa1014f8c2bc9724
Imperialdramon,mega,究极体,assets/vendor/digimon-ds/original/mega/Imperialdramon.gif,150,150,4,800,15787,8cb68b31fbc4473ffb59a0328469b877db257c6ffcab52ec63e3a6e84c034a8d
ImperialdramonDMBlack,mega,究极体,assets/vendor/digimon-ds/original/mega/ImperialdramonDMBlack.gif,118,134,4,1000,15891,2a5f10107f1ccd2d2e0acf79fa3e95337500d69051ed47bb2962936bb6f1a9f6
ImperialdramonFighter,mega,究极体,assets/vendor/digimon-ds/original/mega/ImperialdramonFighter.gif,170,170,4,800,16384,b5623558f73320d00d4dfb02a8e22e0568b799e2c6e4ecb86c57a653e7f00291
ImperialdramonPaladin,mega,究极体,assets/vendor/digimon-ds/original/mega/ImperialdramonPaladin.gif,180,180,4,800,18186,83175f6240355e646b3122c3583b08c6d01acf1a8ba97506fda4dda17a4445ba
Jijimon,mega,究极体,assets/vendor/digimon-ds/original/mega/Jijimon.gif,95,92,4,880,5590,9698768b440b35927fbaadd6ad511c5686b128ce1cb9a1d35c6b986d70ce6b14
JumboGamemon,mega,究极体,assets/vendor/digimon-ds/original/mega/JumboGamemon.gif,180,180,4,800,17565,1c846726d099f2b383a86141382d08f9f0f726b9a170e7bc9b56e4a0d9a24fe9
Justimon,mega,究极体,assets/vendor/digimon-ds/original/mega/Justimon.gif,150,150,4,800,10170,51ae380a3ae5193d3d4d8e9961e3507b24aa3896d18a57c1937599f83b4243c4
KingChessmon,mega,究极体,assets/vendor/digimon-ds/original/mega/KingChessmon.gif,150,150,4,800,9649,eaec578a7ebb32ba83385c6e97681dece03125fac456d747b5d3a48880d20e70
Kuzuhamon,mega,究极体,assets/vendor/digimon-ds/original/mega/Kuzuhamon.gif,110,147,4,800,10114,22e47f7585c7ed400c9709b3351211108390b7cfe1bc3e5c6597b4a7382f78de
Lampmon,mega,究极体,assets/vendor/digimon-ds/original/mega/Lampmon.gif,110,128,4,1000,10970,bc152c9885b95061581d217e2a768e591ef0f78e2108c15c3d783cd366a7732f
Lilithmon,mega,究极体,assets/vendor/digimon-ds/original/mega/Lilithmon.gif,150,150,4,800,16438,cee861831c99412788e4c0b8a737c4daf675abba8c4b5c99613f70a57d6986d8
Lotusmon,mega,究极体,assets/vendor/digimon-ds/original/mega/Lotusmon.gif,150,150,4,800,15824,3c1074b85d644b5a3a2b5788116b6a32f367921c60506cd358118874189d9028
Machinedramon,mega,究极体,assets/vendor/digimon-ds/original/mega/Machinedramon.gif,119,142,4,1000,16338,13c4cf8ebb2b2b2cf05c73ebd5d68329f29c2f346f2cd0643e086ba363c8a094
Magnadramon,mega,究极体,assets/vendor/digimon-ds/original/mega/Magnadramon.gif,150,200,4,800,15367,2359dc349e58435e94b5a900bf44d2954526c1079c681eb904ce542e1bff38d4
MarineAngemon,mega,究极体,assets/vendor/digimon-ds/original/mega/MarineAngemon.gif,150,150,4,800,4814,145560d2806732d4a46de763a9567127dafc761e9b3b147b7b5d831cfaac3f06
Megidramon,mega,究极体,assets/vendor/digimon-ds/original/mega/Megidramon.gif,143,166,4,880,17838,5386f726c516cc9fc866bdd87802369222b2f4774d10fa14ba82e285960dda0c
MetalEtemon,mega,究极体,assets/vendor/digimon-ds/original/mega/MetalEtemon.gif,84,108,4,1000,8250,dda45c4a505d85f6f40064efc047a4d9f26acc24085781a59b2d1b6d712e2c42
MetalGarurumon,mega,究极体,assets/vendor/digimon-ds/original/mega/MetalGarurumon.gif,150,150,4,800,11638,60399cafe0be7478eb42c92286adee444f2e915ff071d7adebf7f90cb4e333a4
MetalSeadramon,mega,究极体,assets/vendor/digimon-ds/original/mega/MetalSeadramon.gif,113,164,4,1000,19786,34c0d295adbf71e4f5dcddb44eade2568bcf886adbcdcbbb27b44512ad9fb6a9
Milleniummon,mega,究极体,assets/vendor/digimon-ds/original/mega/Milleniummon.gif,150,150,4,800,16384,3d7ecacff21358c8cdbf6b870d7d0acb0554399cfe067f194831775c722f9bbf
Minervamon,mega,究极体,assets/vendor/digimon-ds/original/mega/Minervamon.gif,80,120,4,1000,9663,cdcffd97de2dcb80e232fcd0c65e4636aabeffcd9a867f22fe33f022c9cdd3fc
MirageGaogamon,mega,究极体,assets/vendor/digimon-ds/original/mega/MirageGaogamon.gif,180,180,4,800,18845,11a1659b26dc1ccdf6e2fede2876bc6c89a812398773d8bc4ef2bf259ebd713d
MirageGaogamonBurst,mega,究极体,assets/vendor/digimon-ds/original/mega/MirageGaogamonBurst.gif,180,200,4,720,18660,c1ead8c1fa71af2e2f610899eace0353ef449d83ee8165439e3e8644ff8326f2
MoonMilleniummon,mega,究极体,assets/vendor/digimon-ds/original/mega/MoonMilleniummon.gif,150,150,4,800,7272,2285b44bc5828a04edf30866108e6d35aeb604e3e10b062cc38b10148eab2acb
Neptunmon,mega,究极体,assets/vendor/digimon-ds/original/mega/Neptunmon.gif,143,164,4,1200,27348,ecd452aba24a78c4a1ecee76abf8b1ecde78f87391ebadf79224aa9514cfc60b
Omegamon,mega,究极体,assets/vendor/digimon-ds/original/mega/Omegamon.gif,180,220,4,800,18442,284016b3c4275512544fe25beb015f5622e663807190f3390dbaf2d663a503e9
Ophanimon,mega,究极体,assets/vendor/digimon-ds/original/mega/Ophanimon.gif,150,150,4,800,11234,cc1fd1478f9ca148e2ab5151bc2b06f58d2837f921863b027ec761eb81cb6bf4
Parasimon,mega,究极体,assets/vendor/digimon-ds/original/mega/Parasimon.gif,166,131,4,880,11864,44509bdd13d276b9e09718a1903d799051ee6440bd6ac2588a9e76ac7409a77d
Pharaohmon,mega,究极体,assets/vendor/digimon-ds/original/mega/Pharaohmon.gif,86,137,4,800,13677,a8c8a9eaf46a3822779f06b00511e3582158270602e372b3d15a85800ef739da
Phoenixmon,mega,究极体,assets/vendor/digimon-ds/original/mega/Phoenixmon.gif,150,150,4,800,14657,80c148a2ddff21121b2773470ee36a57450dae2ae7e1be040c7f2157f1ede32f
Piedmon,mega,究极体,assets/vendor/digimon-ds/original/mega/Piedmon.gif,85,142,4,800,10629,9b490cbfb6e118e91c79c1a9e303b78567caf27102445ec104c43f32ed9db92f
Plesiomon,mega,究极体,assets/vendor/digimon-ds/original/mega/Plesiomon.gif,150,150,4,800,12182,c56d10f115e35323dd99783733b303c176d11024efd719ae0f171176712194c6
PrinceMamemon,mega,究极体,assets/vendor/digimon-ds/original/mega/PrinceMamemon.gif,85,77,4,1000,7414,556ed0a8005da2c987564b23d0d767abafd3d03c124b86ea02130a6fdf14c38f
Pukumon,mega,究极体,assets/vendor/digimon-ds/original/mega/Pukumon.gif,119,115,4,1000,12979,f18170dcb66c5f36daa9cd77c0e637a87d5e690e1fa7bdb4dff992faa99f4d28
Puppetmon,mega,究极体,assets/vendor/digimon-ds/original/mega/Puppetmon.gif,112,109,4,1000,10169,f946b0821077e465be7612b41269333927ab65cffd99741cd8ba309f874b3463
QueenChessmon,mega,究极体,assets/vendor/digimon-ds/original/mega/QueenChessmon.gif,150,150,4,800,13259,c93421ddfd871e444f9cbe471b696d7baa06bdb2fcada4c46c66937222ba436f
Ravemon,mega,究极体,assets/vendor/digimon-ds/original/mega/Ravemon.gif,134,116,4,1200,7387,31441f5edd52aeb42e73c76efeb6e6086ae579eb061d4bf863797c531e8ce469
RavemonBurst,mega,究极体,assets/vendor/digimon-ds/original/mega/RavemonBurst.gif,180,180,4,800,9388,579a5b2af53114ed5c46d1a8b0beb685cf9dff5553ce9bc885bbd9eb0a520025
Rosemon,mega,究极体,assets/vendor/digimon-ds/original/mega/Rosemon.gif,150,150,4,800,11286,13dbc35af1b6cb2880a304a11b8453a7b6978c0a09a5831faa788daaf4ac4efd
RosemonBurst,mega,究极体,assets/vendor/digimon-ds/original/mega/RosemonBurst.gif,150,150,4,800,9413,41e643c3646d8f0dccaa429702bd9d039eb5b9ceb18dc25a840af4fb9ce8905c
SaberLeomon,mega,究极体,assets/vendor/digimon-ds/original/mega/SaberLeomon.gif,150,150,4,800,11807,8696992259f92b92259093b132063e65382fbe464cd27cf3a8f9e46f5302850a
SaintGalgomon,mega,究极体,assets/vendor/digimon-ds/original/mega/SaintGalgomon.gif,200,200,4,800,19966,3d77fe6c445a17bc410c9d26d9db51a3f407da6b119556a8634e5f1e239abb50
Sakuyamon,mega,究极体,assets/vendor/digimon-ds/original/mega/Sakuyamon.gif,150,150,4,800,9899,c2c8c8a52feb5509dbdd49ac6753393e39db1a8ffad4bf8d8f3073749c5bf115
Seraphimon,mega,究极体,assets/vendor/digimon-ds/original/mega/Seraphimon.gif,150,150,4,800,13782,afe444d94282f0a1a7c159fff94e7b55eb269356159185e5350c54dfdb0980ea
ShineGreymon,mega,究极体,assets/vendor/digimon-ds/original/mega/ShineGreymon.gif,180,180,4,800,27051,a1ccabd1cb180be9438f71e5f3caf26354d47f5913d82ce8e36bf421d1d0698b
ShineGreymonBurst,mega,究极体,assets/vendor/digimon-ds/original/mega/ShineGreymonBurst.gif,150,190,4,1000,29623,38b6ffb95ba510b8d0705ebe91251d476f2de06959b695f5413128b0a2300081
ShineGreymonRuin,mega,究极体,assets/vendor/digimon-ds/original/mega/ShineGreymonRuin.gif,160,160,4,800,23653,689372442eaaa70458a573046f8211e62a4ef1fe184b146d45e4aa9cb233143a
SkullMammon,mega,究极体,assets/vendor/digimon-ds/original/mega/SkullMammon.gif,125,148,4,800,18077,146e28c6eb5f16ad2921239a3f73b1de7f64b97fa0c8393ed5d7d96734bfe0fb
SlashAngemon,mega,究极体,assets/vendor/digimon-ds/original/mega/SlashAngemon.gif,116,128,4,1000,13312,219a60f597c2577caca19d59fbb99ce31c8431f9858766e0b26116bf08cc3d18
Sleipmon,mega,究极体,assets/vendor/digimon-ds/original/mega/Sleipmon.gif,200,200,4,800,33051,ed2b1b84077e28ab5c97f2f4e7929b37eca0fa448d163ede0b550fd1a809bd27
Susanoomon,mega,究极体,assets/vendor/digimon-ds/original/mega/Susanoomon.gif,100,170,4,1000,16642,76828af0c191fe64aec2ad870d46163d2ce7f9f223b6a978179970ef0d711572
Valkyrimon,mega,究极体,assets/vendor/digimon-ds/original/mega/Valkyrimon.gif,150,150,4,800,10877,7561468c03ba30da2888d864a3ca97f9bcb2ff252c2ee610c5deb3c8c11d6d39
Varodurumon,mega,究极体,assets/vendor/digimon-ds/original/mega/Varodurumon.gif,119,147,4,1000,16509,82afe15bc8953368e24c81772b2c337d102d5e6cf305b2be02a011a03cff3c92
VenomMyotismon,mega,究极体,assets/vendor/digimon-ds/original/mega/VenomMyotismon.gif,118,160,4,1000,18884,c0728bac982041b1135e2c274793024f94abb0a4431f2c5f772077ed46074621
Vikemon,mega,究极体,assets/vendor/digimon-ds/original/mega/Vikemon.gif,200,200,4,800,30929,e67ff2969e164b845dc35492c6f32b01d753dbe5873b50fb85402d7714a1c27f
WarGreymon,mega,究极体,assets/vendor/digimon-ds/original/mega/WarGreymon.gif,150,150,4,800,12587,a58c6307fe978df1ad57800321bc68e6bce545289261a59e27f3b7d5d3e39bda
Zanbamon,mega,究极体,assets/vendor/digimon-ds/original/mega/Zanbamon.gif,110,112,4,1000,12046,806a6b8845231063aa40ac29f59e4ac278bdc9b81e037179b85f1535dee2d52a
ZeedMillenniummon,mega,究极体,assets/vendor/digimon-ds/original/mega/ZeedMillenniummon.gif,109,134,4,1000,15366,2a8dbe954e7b672f23b4dbe1a567d374397df0737d85a836805ebf2c485e436c
Agumon,rookie,成长期,assets/vendor/digimon-ds/original/rookie/Agumon.gif,60,75,4,1000,3522,1b5989ff5083af22098e88c73e5567857476e3a7c3896bdef55fc7e0fba122ff
Alraumon,rookie,成长期,assets/vendor/digimon-ds/original/rookie/Alraumon.gif,100,100,4,800,3964,34e9b37e4998479b843bef97c6573f92d68304df9016c64f427a236a0b5c32e8
Armademon,rookie,成长期,assets/vendor/digimon-ds/original/rookie/Armademon.gif,80,65,4,1000,4477,9a59c931b5e3d88de4adc1383b3d88d4fc8096f4e3e238f03ce9de01b3b63b37
Bakumon,rookie,成长期,assets/vendor/digimon-ds/original/rookie/Bakumon.gif,100,100,4,800,4023,c5defa90a0e75f79c623bf7e8b10a10f966a153e195d9fb034a43e6ec81716c9
Bearmon,rookie,成长期,assets/vendor/digimon-ds/original/rookie/Bearmon.gif,100,100,4,800,3888,38463e3f6860312ba5234ab088056152a4758f9a7fe5ad323187d859096383d4
Betamon,rookie,成长期,assets/vendor/digimon-ds/original/rookie/Betamon.gif,100,100,4,800,3619,1fca851df6d804d3161677a4c7e8d615f77c255f5950d2bb450c9cbdb820cd4e
Biyomon,rookie,成长期,assets/vendor/digimon-ds/original/rookie/Biyomon.gif,100,100,4,800,4256,d8c5747126a2cc4b38b03ed655b5717d944de62b730c14cc8c23423f29b22c77
BlackAgumon,rookie,成长期,assets/vendor/digimon-ds/original/rookie/BlackAgumon.gif,100,100,4,800,3058,3dedda85c7ea816a7b846c2b260ce0c9c0f98783638a39274a999528edb7cec2
Candmon,rookie,成长期,assets/vendor/digimon-ds/original/rookie/Candmon.gif,100,100,4,800,3725,df151282f770817201fd757c98cee062f67870528f87d6d0cdcacf9488a20753
Coronamon,rookie,成长期,assets/vendor/digimon-ds/original/rookie/Coronamon.gif,100,100,2,600,2375,582aff3764741857980c14ae27d1dcde8c133f131a68a9c6bde79b8060ded7f6
Dokunemon,rookie,成长期,assets/vendor/digimon-ds/original/rookie/Dokunemon.gif,55,68,4,1000,4207,350a8f6d67bebfa6d68fbcad7cc855f7631e47c1c2a9b117030c797c347b833a
Dorumon,rookie,成长期,assets/vendor/digimon-ds/original/rookie/Dorumon.gif,56,82,4,1000,4431,b7289f0d3c40d4eddcb8bb2a993b6a672856f065808e6b0779f967fda28c5628
DotAgumon,rookie,成长期,assets/vendor/digimon-ds/original/rookie/DotAgumon.gif,30,32,4,1000,682,d646d82a3ae9a75a90768b28c3c943009fabd3720bd924da0bc07f3a2df8c0df
DotFalcomon,rookie,成长期,assets/vendor/digimon-ds/original/rookie/DotFalcomon.gif,50,50,4,800,1065,50e8393c8937c259486da5690c08964d56259278e0b4afb2256d99975f93be0f
Dracmon,rookie,成长期,assets/vendor/digimon-ds/original/rookie/Dracmon.gif,100,100,4,800,4478,52676cf44de939246ba33ee924ac6a36dc944d242d09916fad4e18bc75837b99
Falcomon,rookie,成长期,assets/vendor/digimon-ds/original/rookie/Falcomon.gif,100,100,4,800,5124,2d8b71557ce7c69969071deb65fdfe8ab8596b61bb5bfd76c6ca717133dc526e
Floramon,rookie,成长期,assets/vendor/digimon-ds/original/rookie/Floramon.gif,100,100,4,800,5506,cb3b6bc026b7775ec9a022956e18cf818ce21590a3a0a3f4bd1821852af218dc
Gabumon,rookie,成长期,assets/vendor/digimon-ds/original/rookie/Gabumon.gif,100,100,4,800,5838,f47b35b7d8f1b57300b36953b1d6e2c8fac1b5c32023066a7ed4212954bdf764
Ganimon,rookie,成长期,assets/vendor/digimon-ds/original/rookie/Ganimon.gif,100,100,4,800,3469,1851532f633798e52a2a54f94dff0066197a6384df99220bd6b2eb28efc23469
Gaomon,rookie,成长期,assets/vendor/digimon-ds/original/rookie/Gaomon.gif,100,100,4,800,4429,3344d5b0b6a94cb76ff942bc487bbffa7c43845a3be7bed87237e7009bf073a3
Gizamon,rookie,成长期,assets/vendor/digimon-ds/original/rookie/Gizamon.gif,62,71,4,1000,4396,74029b6cf70cabad0ebd010e58ead2a5d85bfe925ed81f5835579642b6dfcd7c
Goblimon,rookie,成长期,assets/vendor/digimon-ds/original/rookie/Goblimon.gif,100,100,4,800,6739,4b19252deb25ec12a54157282319f71d0cc508e735bce38581392f6c1b0f1d07
Gomamon,rookie,成长期,assets/vendor/digimon-ds/original/rookie/Gomamon.gif,100,100,2,600,1753,3163ba3cb13440fe2f3ac261c9a29276719f9eab4683b089d52674eb2b188978
Gotsumon,rookie,成长期,assets/vendor/digimon-ds/original/rookie/Gotsumon.gif,100,100,4,800,3238,c66b002759cbfb08b083ce0e623b6417df8b148b01822de52856e985622cf693
Guilmon,rookie,成长期,assets/vendor/digimon-ds/original/rookie/Guilmon.gif,61,76,4,800,3788,e260afd5dfb28287c30f1e95881fa94daf297967bf6ce358598ef911bb3ee390
Hagurumon,rookie,成长期,assets/vendor/digimon-ds/original/rookie/Hagurumon.gif,72,47,4,1000,3982,4fc5c041ed839a0d49eb4e0d427d68fbe6287a49e1c385fcc85e38eabcc514c4
Hawkmon,rookie,成长期,assets/vendor/digimon-ds/original/rookie/Hawkmon.gif,90,80,4,1000,4484,4c5181a8dbfee45b9297a8f5e08f8eaa6c3f6909125b493a1b8d8c5bbe033fcd
Impmon,rookie,成长期,assets/vendor/digimon-ds/original/rookie/Impmon.gif,60,70,4,1000,2908,9d4f1db69ddbe16041af69192ad7c3334d40513a9021c7337310c075745abe96
Kamemon,rookie,成长期,assets/vendor/digimon-ds/original/rookie/Kamemon.gif,100,100,4,800,3862,6dbbdede27f2f424610d1c5c18c3ae97c15c6e4b4a99a1fe1af7115ab6063dd6
Keramon,rookie,成长期,assets/vendor/digimon-ds/original/rookie/Keramon.gif,130,130,4,800,5918,b4fcd7ab66c57e57b7059514b94cfa5926490232d8da916ffaff86fb166d1f98
Kokuwamon,rookie,成长期,assets/vendor/digimon-ds/original/rookie/Kokuwamon.gif,82,79,4,1000,6157,0416a20b4e12ffef7647fb5d455eeabe7f5b5ee6dd8eb29c7f6b2e8a236c2a3d
Kotemon,rookie,成长期,assets/vendor/digimon-ds/original/rookie/Kotemon.gif,100,100,4,800,4575,e80161c562f74425b54a3dd77bcb947ecb55ac6bfc3e3a88a7ce7ea4f87f2c0a
Kudamon,rookie,成长期,assets/vendor/digimon-ds/original/rookie/Kudamon.gif,100,100,4,800,3488,77195c33e4e973f29597254db55df15f352b07ef73cda85d2e5740065f6e1a3d
Kunemon,rookie,成长期,assets/vendor/digimon-ds/original/rookie/Kunemon.gif,55,68,4,1000,4211,20b5720828b40b95117b98c5e1e48157c9ddf58e093c9f84e94b5ed6eb7efe3b
Lopmon,rookie,成长期,assets/vendor/digimon-ds/original/rookie/Lopmon.gif,75,55,4,1000,2556,7a8070359d097dc896e7853d9639ee6ce1f065a6f7f8addfb6956ba0002d771f
Lunamon,rookie,成长期,assets/vendor/digimon-ds/original/rookie/Lunamon.gif,100,100,4,800,4649,393f8971e24fa78525dd8a169acda645f50e29530e68064c2dd33db17e16d739
Monodramon,rookie,成长期,assets/vendor/digimon-ds/original/rookie/Monodramon.gif,100,100,4,800,4899,f9b273c516c4441c9c6036c46713d7c6f49605d0e9de388979d88a599d26b551
Muchomon,rookie,成长期,assets/vendor/digimon-ds/original/rookie/Muchomon.gif,100,100,4,800,3935,7262b07cc04fc024209f86717ea4dcc4eccb7a6ffc10036c35de117fa2036b51
Mushmon,rookie,成长期,assets/vendor/digimon-ds/original/rookie/Mushmon.gif,63,60,4,1000,4645,764e3bddf69b58046aaf9802cf8abbf2da9a680603d87b76e92edeb5a4d9a790
Otamamon,rookie,成长期,assets/vendor/digimon-ds/original/rookie/Otamamon.gif,100,100,4,800,3627,2fe733b20bb6b368ee9dbf986daf27505274de92d355dbe25e95ab9a22199604
Palmon,rookie,成长期,assets/vendor/digimon-ds/original/rookie/Palmon.gif,100,100,4,800,4001,0b62cf047046b92272b1955fac73d8e713d9353f7c67f94216bdcaefe38f2147
Patamon,rookie,成长期,assets/vendor/digimon-ds/original/rookie/Patamon.gif,100,100,4,800,3703,3b295311c3d7e9a4b0d5f0a9d69d8cb216b2955e0c2db180d481665726b8e2c4
PawnChessmonBlack,rookie,成长期,assets/vendor/digimon-ds/original/rookie/PawnChessmonBlack.gif,100,100,4,800,5776,2dcf97cb34c24bd11065791518b015da3a1a22bed397ac64046571f227e230ab
PawnChessmonWhite,rookie,成长期,assets/vendor/digimon-ds/original/rookie/PawnChessmonWhite.gif,100,100,4,800,5818,a0ffafee956d58c1240b1f88b861647115163008b6a90386b3ccecc21c03db8c
Penmon,rookie,成长期,assets/vendor/digimon-ds/original/rookie/Penmon.gif,63,57,4,1000,3532,87e7ef5229114ed573db83b3060388ecbfe08efddc61a8f2dc4e121c2255c607
PicoDevimon,rookie,成长期,assets/vendor/digimon-ds/original/rookie/PicoDevimon.gif,100,100,4,880,3704,13a83566dae3398c60568bd1e76e0c833ea6b3246f6838432d679d9f348191c6
Plotmon,rookie,成长期,assets/vendor/digimon-ds/original/rookie/Plotmon.gif,100,100,4,800,2393,0d55c9858b1f51fb02dc9721e774e772cf5d5ef321b45a071fdbdd0c4431c440
Raramon,rookie,成长期,assets/vendor/digimon-ds/original/rookie/Raramon.gif,100,100,4,800,3000,67904da41e56a5ec82a0597b30f94c83290b2b7b33b54aa1fb14b110eb252f51
Renamon,rookie,成长期,assets/vendor/digimon-ds/original/rookie/Renamon.gif,100,100,4,800,4676,9658e08ed2498450833d24d683b0805abf5244445c95db4f88a31ea1f9f30628
Shakomon,rookie,成长期,assets/vendor/digimon-ds/original/rookie/Shakomon.gif,45,53,4,1000,4060,9bafeda17af533aa8de1d59c68d1151c3d2b803059a93884cfa44b2f0410f27a
Shamamon,rookie,成长期,assets/vendor/digimon-ds/original/rookie/Shamamon.gif,69,85,4,1000,6796,000eb8f2e3720945fa3b2a28d0a25ea25cd17079f6d5d6df8c8a0fddc8f0ea44
SnowGoblimon,rookie,成长期,assets/vendor/digimon-ds/original/rookie/SnowGoblimon.gif,69,85,4,1000,6657,53fb20d9cc2df1833a1dddedbaacc067fcce2beb4424a4dc30b6acc4355c36aa
Solarmon,rookie,成长期,assets/vendor/digimon-ds/original/rookie/Solarmon.gif,75,51,4,1000,4470,cf27639d2ae8253c3e6d5fe45c2bb997a905865f3beced8fd0a0b19727cb152b
Tentomon,rookie,成长期,assets/vendor/digimon-ds/original/rookie/Tentomon.gif,100,100,4,800,4493,81bf0f420574d84bb941fc56fb7fd8b9c26e2468ea55013faac2291f8773bf46
Terriermon,rookie,成长期,assets/vendor/digimon-ds/original/rookie/Terriermon.gif,75,55,4,1000,2580,a47c101e9d325710f1e67bd50b5714265452a1ce01bf6429893d4ed9c2c39557
ToyAgumon,rookie,成长期,assets/vendor/digimon-ds/original/rookie/ToyAgumon.gif,100,100,4,800,4018,690d5335c69f9aa47952f38ef85859d6c72c65d3efa568b8ee4bdc627c78fe05
ToyAgumonBlack,rookie,成长期,assets/vendor/digimon-ds/original/rookie/ToyAgumonBlack.gif,51,56,4,1000,3978,f07996e08804dbbe2f1649778b7845347e91301db6c5ca3d54027e3e6dedcb32
Tsukaimon,rookie,成长期,assets/vendor/digimon-ds/original/rookie/Tsukaimon.gif,64,51,4,1000,2566,9d2aa5def50dbd6b692a3ded8acce526363b9aa03af68c018c2665353e7b58b9
V-mon,rookie,成长期,assets/vendor/digimon-ds/original/rookie/V-mon.gif,100,100,4,800,3838,0ddb91866393c6fc3869e9fc837d1cc8ee8fd4c6258ef0688099f6e19c81a54e
Wormmon,rookie,成长期,assets/vendor/digimon-ds/original/rookie/Wormmon.gif,100,100,4,800,3663,0d444ec7c032bd92275bfe3bc13f1c99f624c1d9e73116c23545e74a5a5a37bd
YukiAgumon,rookie,成长期,assets/vendor/digimon-ds/original/rookie/YukiAgumon.gif,100,100,4,800,3116,b089c15da3f06436bb24d4b2a804e5dc16fc6c8cd3832d8be1655c6e05c0ce0b
AeroVeedramon,ultimate,完全体,assets/vendor/digimon-ds/original/ultimate/AeroVeedramon.gif,150,150,4,800,12058,0eb54e33a744609978b1881fa7d17c178ae689abb578e4c95f3dcf7a3f164dbc
Allomon,ultimate,完全体,assets/vendor/digimon-ds/original/ultimate/Allomon.gif,150,150,4,800,10985,77654653870f5c0d855f5c62574b8f005e2cab1f5ef49cdf8c6d0010345cacc0
AlturKabuterimonRed,ultimate,完全体,assets/vendor/digimon-ds/original/ultimate/AlturKabuterimonRed.gif,150,150,4,800,13421,e9fe750dfc56a3a096c27384d7db49b63fdc23656b56045c2fa38c66d49d87ee
Andromon,ultimate,完全体,assets/vendor/digimon-ds/original/ultimate/Andromon.gif,150,150,4,800,8266,e257d6d5224f35b77d995f3b47f4527de46c1ba3096754d324a565eceb1f43d8
Angewomon,ultimate,完全体,assets/vendor/digimon-ds/original/ultimate/Angewomon.gif,100,120,4,1000,9565,5c3286a669c4ea3945837567977014eac5b889ca1a09b6397da4000eb07d1bee
Antiramon,ultimate,完全体,assets/vendor/digimon-ds/original/ultimate/Antiramon.gif,150,150,4,800,10266,b7390195bc8c253df2ba9253c147db1e372d0b6732e385355d762c0aaaf8ade6
Arachnemon,ultimate,完全体,assets/vendor/digimon-ds/original/ultimate/Arachnemon.gif,117,110,4,1000,13271,5dce266a80ed9c465016bbcdd563efdfb2ce7e3b7fa5e3839359b978fbd5fe8c
ArgomonPerfect,ultimate,完全体,assets/vendor/digimon-ds/original/ultimate/ArgomonPerfect.gif,163,177,4,880,14111,909cf0c61b1aff7b29eaf8b045ec363a045c55b1dc4cb1a1f844a672d83de0c8
BigMamemon,ultimate,完全体,assets/vendor/digimon-ds/original/ultimate/BigMamemon.gif,150,124,4,800,12159,93df696f6acee966f86c03650c6ff645bc6af0273cdcf114ed755677a743b8be
BishopChessmon,ultimate,完全体,assets/vendor/digimon-ds/original/ultimate/BishopChessmon.gif,150,150,4,800,15660,bc6db7dec71e67e401b49948637b62ddb9cdee42e4569b517c077116e4728c05
BlackRapidmon,ultimate,完全体,assets/vendor/digimon-ds/original/ultimate/BlackRapidmon.gif,115,143,4,1000,11556,ad044f68ff53028933d7840bea758281beef8a1e040b5e22a1c2fa58f2e9bc04
BlackWarGrowlmon,ultimate,完全体,assets/vendor/digimon-ds/original/ultimate/BlackWarGrowlmon.gif,111,117,4,1000,12927,2c7b6ec505066e9dc54463da1a429a48fe3292ddb75de05d95242464d986d3c2
Blossomon,ultimate,完全体,assets/vendor/digimon-ds/original/ultimate/Blossomon.gif,130,97,4,1000,14742,bff168d359bb7ba4e2b327fba3e63c482874676f668602960d42da2251a05b99
Brachiomon,ultimate,完全体,assets/vendor/digimon-ds/original/ultimate/Brachiomon.gif,107,209,4,1000,13596,866de1c1ad512794115a876d7d23a75dff30355838ec8585090268712c48d9ee
Cherrymon,ultimate,完全体,assets/vendor/digimon-ds/original/ultimate/Cherrymon.gif,150,150,3,600,9026,f94cb5f3cdf412b56b65ed7490570184d36531bf91cbbd5943d7593715576dc8
Chimeramon,ultimate,完全体,assets/vendor/digimon-ds/original/ultimate/Chimeramon.gif,196,138,4,800,28134,0d47532e4ed10d758442c075035cc0c248b06034a8e4d35a91f1ae22988a8f68
Crescemon,ultimate,完全体,assets/vendor/digimon-ds/original/ultimate/Crescemon.gif,150,150,4,800,10834,b391f4c7ee9a2eca9381ccfb8cff69c71bc52b4f06a5763354c031e5fba4441c
Cyberdramon,ultimate,完全体,assets/vendor/digimon-ds/original/ultimate/Cyberdramon.gif,150,150,4,800,12007,cfd083a4a2017e80e4e11a7a44f098e8d81551784528000ac01462d64f286f57
Deramon,ultimate,完全体,assets/vendor/digimon-ds/original/ultimate/Deramon.gif,64,76,4,800,5888,0cac61c20a7e41a4f08b95b4c0fd724578cd114d47efddca3fbc82af0b5fae68
Digitamamon,ultimate,完全体,assets/vendor/digimon-ds/original/ultimate/Digitamamon.gif,53,71,4,1000,3824,337a6d8ed25b85c63b42facfd608ac611135e50719318b09d330499ad2b1ce11
DinoBeemon,ultimate,完全体,assets/vendor/digimon-ds/original/ultimate/DinoBeemon.gif,150,150,4,800,11332,7600187a308c6a5934f54479289e0bccc01353d823fb56ab94c528535fe0c295
Divermon,ultimate,完全体,assets/vendor/digimon-ds/original/ultimate/Divermon.gif,61,80,4,1000,6171,31564187567162ee74fa79a403126603feeb45c505e53b72172ec17d1b4631e6
Dorugreymon,ultimate,完全体,assets/vendor/digimon-ds/original/ultimate/Dorugreymon.gif,139,140,4,1000,14686,831356116ad15c7393878bb792f852ba772629ae588c3445feb4deb22d1067fa
Dragomon,ultimate,完全体,assets/vendor/digimon-ds/original/ultimate/Dragomon.gif,84,114,4,1000,10122,1811f3693848ac1c638bcb44e1436b19e075f058bb3cf8b26c33189b8eed28a4
Etemon,ultimate,完全体,assets/vendor/digimon-ds/original/ultimate/Etemon.gif,67,99,4,1000,5774,91f1acb8bcf8ce7d558f4c502377744f4e969580942770c2fd780878be3cb55c
Flamedramon,ultimate,完全体,assets/vendor/digimon-ds/original/ultimate/Flamedramon.gif,57,95,4,1000,5618,a19cdc9722f5aa4520357922f4df26a90b9df8b21411608807b1c6389f4f47db
Flaremon,ultimate,完全体,assets/vendor/digimon-ds/original/ultimate/Flaremon.gif,120,155,4,1000,17914,a94a696160399e2cffdfe1cd025321f86596f67e7c7b493eda056db491a538fd
Garbagemon,ultimate,完全体,assets/vendor/digimon-ds/original/ultimate/Garbagemon.gif,100,100,4,800,7140,690929aef0a16556d231143f7cc7d4f890db1c7d74ec4ddf203381ceb536c81d
Garudamon,ultimate,完全体,assets/vendor/digimon-ds/original/ultimate/Garudamon.gif,150,150,4,800,14108,904052d4b0d6e216361b39e20c92d0e2b3522817e93e7d3fbe4925e0c49388ea
Gigadramon,ultimate,完全体,assets/vendor/digimon-ds/original/ultimate/Gigadramon.gif,134,130,4,1000,10993,29d6deda00830cc07e57c49a6bbddae79f70457d298aedd11c0cb7fd796e6f9a
Giromon,ultimate,完全体,assets/vendor/digimon-ds/original/ultimate/Giromon.gif,55,59,4,800,3385,18b14230b7680f9048f105da64c5b75a87afab7e2732b48be37f34d074b18e20
GrappLeomon,ultimate,完全体,assets/vendor/digimon-ds/original/ultimate/GrappLeomon.gif,150,150,4,800,10360,89a098e01f44d86d88eaff43abe0543fadd5c183b1f4cad6baf25814bda99b3c
HolyAngemon,ultimate,完全体,assets/vendor/digimon-ds/original/ultimate/HolyAngemon.gif,150,150,4,800,14102,5b4aa9b8a82b40b1aa4bb813702452f28d70469243f8226ca999995135d7bb8e
Infermon,ultimate,完全体,assets/vendor/digimon-ds/original/ultimate/Infermon.gif,112,93,4,700,8589,e10aa5d54660f5d565e2284fef36b93c7a44536b9b10a977e7ab2404ab382f0e
Kabukimon,ultimate,完全体,assets/vendor/digimon-ds/original/ultimate/Kabukimon.gif,80,96,4,1000,8043,54d205a3db5270becd131ab77f161797ba58aeda83066f77f427e8f4232f00d6
Karatenmon,ultimate,完全体,assets/vendor/digimon-ds/original/ultimate/Karatenmon.gif,121,142,4,1000,12952,8822340524948aa5acc646209c1d71de9f3bd262973d22df615343507a62c87d
Kenkimon,ultimate,完全体,assets/vendor/digimon-ds/original/ultimate/Kenkimon.gif,128,107,4,1000,11368,28ff260278d4e57bb4cd02f10d8ee9162d9870e64cc2d217de761214d8fc4147
Knightmon,ultimate,完全体,assets/vendor/digimon-ds/original/ultimate/Knightmon.gif,82,129,4,800,11994,62c639704abb0a018cf8eacec02fa7a1f36d3428e86b6b421515f68de708d6fe
Kongoumon,ultimate,完全体,assets/vendor/digimon-ds/original/ultimate/Kongoumon.gif,102,111,4,1000,13110,da705d7589803bd6c51798ff303586fa9ba63a7b308d57198305a5c4c11e51f2
Kyukimon,ultimate,完全体,assets/vendor/digimon-ds/original/ultimate/Kyukimon.gif,99,120,4,1000,11535,168bf03ca9c9bc516e6c70e8c84014bd34d91de9012e6b9a7f3666b90b106df7
LadyDevimon,ultimate,完全体,assets/vendor/digimon-ds/original/ultimate/LadyDevimon.gif,80,126,4,1000,7929,f356f125be0bb28d27714d0ed011fa3b393e0b2ea29f174deedd251bd12708a4
Lilamon,ultimate,完全体,assets/vendor/digimon-ds/original/ultimate/Lilamon.gif,150,150,4,800,8980,aae894c2129d31834ed0c4ff5cf807c968c16c304d3de4188f8feefa7c8552b1
Lilymon,ultimate,完全体,assets/vendor/digimon-ds/original/ultimate/Lilymon.gif,150,150,4,800,7081,302c2f4f83f03f40f081d5b1450597a9a77ff018017c3ed8c608f2e23710a900
LucemonFDM,ultimate,完全体,assets/vendor/digimon-ds/original/ultimate/LucemonFDM.gif,126,170,4,880,17506,f1876e84aaf28bddd8841a6db8801c9c0015c4b73b04631d5acf8517f45dd370
Lynxmon,ultimate,完全体,assets/vendor/digimon-ds/original/ultimate/Lynxmon.gif,99,106,4,1000,9586,a308895747ca1d22a5425a29017fdf4c5198ca4b8a946a2413fb30f6de453eb5
MachGaogamon,ultimate,完全体,assets/vendor/digimon-ds/original/ultimate/MachGaogamon.gif,150,150,4,800,19598,b3c31a6c882d8884b31a2a54af05657af33c4866eabbc0cca2b4b1093121e037
Magnamon,ultimate,完全体,assets/vendor/digimon-ds/original/ultimate/Magnamon.gif,88,103,4,1000,9027,6795f7a4884bcad02731f272a631376f1eb35c9742325318345e5b94d1ed26dd
MameTyramon,ultimate,完全体,assets/vendor/digimon-ds/original/ultimate/MameTyramon.gif,75,68,4,800,4527,36f0b62aedec45f740fd719c0c9bb686c0dbbfe35e08dc58f1ad363fc818356e
Mamemon,ultimate,完全体,assets/vendor/digimon-ds/original/ultimate/Mamemon.gif,52,40,4,800,2389,ec23ef6e6036810fc8e0c31142891b149a5b9221007f535d8ec65eae5e7b2fdd
Mammothmon,ultimate,完全体,assets/vendor/digimon-ds/original/ultimate/Mammothmon.gif,126,125,4,1000,14479,d4a8682554fc63271051fa67010b42061ea1ce1bdf2d0b1f1942ace6c0a5bed3
Marinedevimon,ultimate,完全体,assets/vendor/digimon-ds/original/ultimate/Marinedevimon.gif,92,126,4,1000,13585,28fff0e9ac8b67df41ac35090ff97d4384a3f746d35c40dc9d236bdf33764519
Matadormon,ultimate,完全体,assets/vendor/digimon-ds/original/ultimate/Matadormon.gif,128,180,4,600,14212,0bbdf5c0a70b94b4392d1171b552e8b8606f102ced59eceafc92c8dcef587f29
MegaKabuterimonBlue,ultimate,完全体,assets/vendor/digimon-ds/original/ultimate/MegaKabuterimonBlue.gif,121,124,4,1000,12313,04e5ca18863e004232abffda193d2ffbb98a1b36f129cee28c42a6b68435638c
MegaSeadramon,ultimate,完全体,assets/vendor/digimon-ds/original/ultimate/MegaSeadramon.gif,117,101,4,1000,8735,a55ecd2158e918ce688e2722ee2e67330dfbb8a7cb7e3bbefceda5ebaa66d08f
Megadramon,ultimate,完全体,assets/vendor/digimon-ds/original/ultimate/Megadramon.gif,132,142,4,1000,10423,133772c36d6922ef8058a5e4e1d108219b642e767541b587ca1d3a2c4e8bd11b
MetalGreymon,ultimate,完全体,assets/vendor/digimon-ds/original/ultimate/MetalGreymon.gif,150,150,4,800,14786,e585102a9d2f098e3552d896c740ebe3a1f2ade815831b71230d07b6176d392d
MetalMamemon,ultimate,完全体,assets/vendor/digimon-ds/original/ultimate/MetalMamemon.gif,75,46,4,1000,3829,758775c568cb945af7a82f899d2a399efc6c19aa82305d58c159a8888e73d2d2
MetalTyrannomon,ultimate,完全体,assets/vendor/digimon-ds/original/ultimate/MetalTyrannomon.gif,119,126,4,1000,14136,51e6df619c49b5b066c0578765a3d12c0285f0fd3819c8b0bccc55922cea4d73
Meteormon,ultimate,完全体,assets/vendor/digimon-ds/original/ultimate/Meteormon.gif,63,73,4,880,3071,9292e6f5bab1bce6f37bf35802cb9d6b923524427336b741160899991301160e
Monzaemon,ultimate,完全体,assets/vendor/digimon-ds/original/ultimate/Monzaemon.gif,123,156,4,1000,9637,9481f6b0e2ff703f7af68cc5711d95c4762bec5b6a253c676120de115909f05b
Mummymon,ultimate,完全体,assets/vendor/digimon-ds/original/ultimate/Mummymon.gif,64,110,4,1000,6846,eeb1785a6afc25a41f90ab43919713bbbf70c6026a7c52104ee6d6218b3eae03
Nanomon,ultimate,完全体,assets/vendor/digimon-ds/original/ultimate/Nanomon.gif,94,46,4,1000,4085,58745ca2364f288e525be30fcae990862901536599858bb548baf040a775c606
Okuwamon,ultimate,完全体,assets/vendor/digimon-ds/original/ultimate/Okuwamon.gif,119,112,4,1000,12020,6d02c6a74d3f04db487db2067822f66ea77af32d4c0bc5cdc9afc60e5b29bfc0
Owlmon,ultimate,完全体,assets/vendor/digimon-ds/original/ultimate/Owlmon.gif,64,85,4,1000,5471,7c4dd7d5b08ca71428fbfd4f21ea5f5a195d3e00b205b997a7bf9c97faef4abf
Paildramon,ultimate,完全体,assets/vendor/digimon-ds/original/ultimate/Paildramon.gif,150,150,4,800,12117,b55bb88a4cc55c3793197f38e63367c660bd3c75e9cf3139e06b4efcef0f2432
Pandamon,ultimate,完全体,assets/vendor/digimon-ds/original/ultimate/Pandamon.gif,88,103,4,1000,7570,c6cdd8466f7d7ad4fa7e76ccf60a8c4f264249a13e44880c6c54635a7da553c8
Parrotmon,ultimate,完全体,assets/vendor/digimon-ds/original/ultimate/Parrotmon.gif,109,109,3,600,7154,810c78c750c4266aa87275c077c7ba3ea27ec0656e2da2c608516b6df53b061a
Phantomon,ultimate,完全体,assets/vendor/digimon-ds/original/ultimate/Phantomon.gif,60,77,4,1000,5048,cc34184bb98ef8dfd90ee030cf6b07c0794fe99c79e758ff84e0f30abe7997ab
Pipismon,ultimate,完全体,assets/vendor/digimon-ds/original/ultimate/Pipismon.gif,110,87,4,1000,5700,396104ca1665071bc6f1479b91203e657e09080fab0af6303ed872c3e6bc8afd
Piximon,ultimate,完全体,assets/vendor/digimon-ds/original/ultimate/Piximon.gif,96,89,4,1000,5972,327cf468d661f5d109aa65eff8b3fb94f7d26ba6cf8e8f89587907f494676368
Ponchomon,ultimate,完全体,assets/vendor/digimon-ds/original/ultimate/Ponchomon.gif,99,113,4,880,5983,cc8601ad8faeec85f53e53865c0e78ef8182e6f028c6523f1d191a79858becbe
Prariemon,ultimate,完全体,assets/vendor/digimon-ds/original/ultimate/Prariemon.gif,59,85,4,1000,5940,c065c1d1ade816ce23b457db25327d01014cb85658445145a0afcaeafd75ddc7
Qilinmon,ultimate,完全体,assets/vendor/digimon-ds/original/ultimate/Qilinmon.gif,180,180,4,800,18351,72d474456b898425bcb35b0bb1285ab963c9a12568d95a63f0d22b01f8bff7b7
Rapidmon,ultimate,完全体,assets/vendor/digimon-ds/original/ultimate/Rapidmon.gif,150,150,4,800,12055,f7cc69cec52b92ac6bfaf3fc3c283479e91a846a8921b9e6f269fce3372a515a
RizeGreymon,ultimate,完全体,assets/vendor/digimon-ds/original/ultimate/RizeGreymon.gif,139,182,4,800,23041,82caa1ba21964dcdaacde2a5cf20c2c7f586f06dddc08b9827acb52264a34da6
RookChessmon,ultimate,完全体,assets/vendor/digimon-ds/original/ultimate/RookChessmon.gif,180,180,4,800,14737,2313443917e6e5fc29ddef3742c2f6e11238e5496987fd5b08448dd31b1bddb1
Scorpiomon,ultimate,完全体,assets/vendor/digimon-ds/original/ultimate/Scorpiomon.gif,117,99,4,1000,9979,0b544304289c8483c04504f20a896558d5bd4c6d8b5efe022685e8acebacd7cf
Seahomon,ultimate,完全体,assets/vendor/digimon-ds/original/ultimate/Seahomon.gif,99,113,4,880,6191,ff66c4733bada21715554d10bc6e3535ac11de1ecf628978539aea9678d79c63
Shadramon,ultimate,完全体,assets/vendor/digimon-ds/original/ultimate/Shadramon.gif,80,111,4,1000,8608,0cb17916f20fbc74fba6d3e8e397f0e24cf0ef254db82e1bcb45c74f7744ee36
Shakkoumon,ultimate,完全体,assets/vendor/digimon-ds/original/ultimate/Shakkoumon.gif,170,170,4,800,16900,a91b231d012526b868d94d3189652ef3f74c5d0dab5254d06aa126bb7bfbc720
Shaujingmon,ultimate,完全体,assets/vendor/digimon-ds/original/ultimate/Shaujingmon.gif,150,150,4,800,11432,9ee3252222bb36a3a8ebc450f0dbf662b3bd138ae0acc3b09eb9575999e0cfd6
ShogunGekomon,ultimate,完全体,assets/vendor/digimon-ds/original/ultimate/ShogunGekomon.gif,150,154,4,1400,18665,623da997387ecb86332079acc0749e903c21ecd74edf0af0f3320902c6485c27
Shurimon,ultimate,完全体,assets/vendor/digimon-ds/original/ultimate/Shurimon.gif,150,150,4,800,9235,3a310ab6e14f3ae703bb2ab93b8c487b75b8036b0ab7394cb23429d429f15650
Silphymon,ultimate,完全体,assets/vendor/digimon-ds/original/ultimate/Silphymon.gif,150,150,4,800,9289,ba6ca839012658487bfb8f2472608ea4aba495710f5fffaac8b803a73ca8ae9a
Sinduramon,ultimate,完全体,assets/vendor/digimon-ds/original/ultimate/Sinduramon.gif,120,111,4,800,11165,db5d60a9a9591c9a4a15d67ef8855c32ae8be82c8231d44ed0da7df842f000c7
SkullGreymon,ultimate,完全体,assets/vendor/digimon-ds/original/ultimate/SkullGreymon.gif,152,113,4,1000,12215,791b3e5bc2b566a677db052cb693eaf296e6d5308dd2628207d0092febb911e5
SuperStarmon,ultimate,完全体,assets/vendor/digimon-ds/original/ultimate/SuperStarmon.gif,66,86,4,800,6080,e7d244481e118dd66f9f385470d4271470c5304c0bc73ac5f2adb3516eff6531
Taomon,ultimate,完全体,assets/vendor/digimon-ds/original/ultimate/Taomon.gif,150,150,4,800,9165,27e8fefba1b0ce77a4be0253c9d102b1d1199ffd311f7ea3e4b172156f3fc81c
Tekkamon,ultimate,完全体,assets/vendor/digimon-ds/original/ultimate/Tekkamon.gif,53,43,4,800,2422,a9616b1a2c653f0ecaa7fbf46608e5beae693709a067ebafcaf7a5717d65a85b
Toucanmon,ultimate,完全体,assets/vendor/digimon-ds/original/ultimate/Toucanmon.gif,69,58,4,1000,3878,e008112c8fb2c91f997c86427357167cebe2b28ccd6b83dfa6c20dc3d1257575
Triceramon,ultimate,完全体,assets/vendor/digimon-ds/original/ultimate/Triceramon.gif,91,102,4,1000,8614,6f65f207e8fbc34e99515eb721ebf5f02d2132fe8860e7fed17670037da2b814
Tylomon,ultimate,完全体,assets/vendor/digimon-ds/original/ultimate/Tylomon.gif,120,130,4,1000,10461,5daf808ce49f612bc9ac21108ef9bb73fcabe7cd1f0be055356e34aec80669f3
Vademon,ultimate,完全体,assets/vendor/digimon-ds/original/ultimate/Vademon.gif,54,81,4,800,4331,c32caa86effbd396e4ef96390c31eacbafd5e8ea377e5dddc6a3f31967c72e89
Vajramon,ultimate,完全体,assets/vendor/digimon-ds/original/ultimate/Vajramon.gif,109,159,4,800,16345,27af3413801d3122252fe8592df0bc836001cc7878fedac044602c3630b8f5bb
Vamdemon,ultimate,完全体,assets/vendor/digimon-ds/original/ultimate/Vamdemon.gif,86,132,4,1000,9561,a1c33451f02d97ab62d9baf346bcc50a4ecea1553d0aa56463fda82401bb09f6
Vermilimon,ultimate,完全体,assets/vendor/digimon-ds/original/ultimate/Vermilimon.gif,113,113,4,1000,10391,3a9c4f61b0da5eb7e17b2fd73c2232c0bbcf00839da4fbefd35f8baf1e3092ee
Volcamon,ultimate,完全体,assets/vendor/digimon-ds/original/ultimate/Volcamon.gif,89,131,4,1000,12855,14fd8d5ed4446cb65cfe021756b6de2f147e4e301065263ffd1093e7bbbfc2c7
WarGrowlmon,ultimate,完全体,assets/vendor/digimon-ds/original/ultimate/WarGrowlmon.gif,150,150,4,800,13823,efb377817f32f5e7f2bc70367677ba9987d518343720d9f01e6fde5d2bf2b317
WereGarurumon,ultimate,完全体,assets/vendor/digimon-ds/original/ultimate/WereGarurumon.gif,150,150,4,800,9681,58acb35b5bc47212c4c29c5d4f03861afe02dd3a5e86200ecec488fa06a4069c
WereGarurumonBlack,ultimate,完全体,assets/vendor/digimon-ds/original/ultimate/WereGarurumonBlack.gif,150,150,4,800,9767,f1d5469ffed665077bdcd5ceeaef5ce8636498668f5f3411aa56f2404339a114
Whamon,ultimate,完全体,assets/vendor/digimon-ds/original/ultimate/Whamon.gif,120,142,4,1000,13026,1b8082754550cedec030260e26ef2892006c026eb18d019aee9d68b8ca6024da
XTyrannomon,ultimate,完全体,assets/vendor/digimon-ds/original/ultimate/XTyrannomon.gif,72,78,4,1000,5977,63f812610f88a650cbe7c57ca01c2d811df6bc6227a1fb20590a9ee5ca655107
Yatagaramon,ultimate,完全体,assets/vendor/digimon-ds/original/ultimate/Yatagaramon.gif,150,150,4,800,7659,5e7284ff26d5278a9d2c3da9a99587591de64cd6f40eab8bbd425c61aa579c50
YatagaramonOriginal,ultimate,完全体,assets/vendor/digimon-ds/original/ultimate/YatagaramonOriginal.gif,150,150,4,800,10168,0a7df48c49944c13999ecf055f7e3f5df2f66064cf8918e58221c20c7da7ec68
Zudomon,ultimate,完全体,assets/vendor/digimon-ds/original/ultimate/Zudomon.gif,150,150,2,600,6488,c7c1eca591dfe339da14470dcae9a82e26f4bafe43d7f8cb701fbff63a7afdad
Baihumon,unobtainable,原档案特殊分类,assets/vendor/digimon-ds/original/unobtainable/Baihumon.gif,230,230,4,800,31526,1d9295a93b6c54107c9077ca4bab851f6c699d506b69325f2a4ac7e077080a5d
Barbamon,unobtainable,原档案特殊分类,assets/vendor/digimon-ds/original/unobtainable/Barbamon.gif,250,220,4,1000,30839,c3dc8f7c8c51adf3faab677ecba12c871ab482832ca1847e02c8dfc568ab4def
Belphemon,unobtainable,原档案特殊分类,assets/vendor/digimon-ds/original/unobtainable/Belphemon.gif,220,230,4,1000,48447,1d71969a4815a280f70effeb594a58e601ac605007f04f0af7778d0921102910
ChaosDukemonCore,unobtainable,原档案特殊分类,assets/vendor/digimon-ds/original/unobtainable/ChaosDukemonCore.gif,196,221,4,1000,29446,c970add41f093f8ec64f06fe3b1cf3af273b65b87dd3ba8b5ef33abb50badc52
ChaosGrimmon,unobtainable,原档案特殊分类,assets/vendor/digimon-ds/original/unobtainable/ChaosGrimmon.gif,160,156,4,1000,45676,9c82cc87e9596a1955a028b70894aaa909761764914f025884df9237b10c7968
ChronomonDM,unobtainable,原档案特殊分类,assets/vendor/digimon-ds/original/unobtainable/ChronomonDM.gif,300,300,4,800,45619,e54602076b50b5caddd265c2e8a2f14636573861cbd121ab8e9bd85ec5938c9f
Daemon,unobtainable,原档案特殊分类,assets/vendor/digimon-ds/original/unobtainable/Daemon.gif,250,220,4,1000,35187,0471f2cedae65358cf0bf4eecbabb9914fd534e150032462800ad7537d9a88fc
ExoGrimmon,unobtainable,原档案特殊分类,assets/vendor/digimon-ds/original/unobtainable/ExoGrimmon.gif,160,153,4,1000,61052,2267d954f97d46ab52ed7f6e44fdb3abe5e0c3f2d390699fb3e19b29976d7b97
Gaiomon,unobtainable,原档案特殊分类,assets/vendor/digimon-ds/original/unobtainable/Gaiomon.gif,136,160,4,1000,40909,8e1e8290812d7726937fb95d4d895c0c73de57f38e8613c553c3f0b17c5c1653
GranDracmon,unobtainable,原档案特殊分类,assets/vendor/digimon-ds/original/unobtainable/GranDracmon.gif,141,160,4,1000,24997,377eb52e201fdc57662edfac168b46ec02864fb1942dd8e779628bf182e857c0
GranLocomon,unobtainable,原档案特殊分类,assets/vendor/digimon-ds/original/unobtainable/GranLocomon.gif,220,166,4,800,29987,a425f1977cb72b8aeb2ac141e8069d7945606952b8fd1ee98926f144ec9aff1c
Grimmon,unobtainable,原档案特殊分类,assets/vendor/digimon-ds/original/unobtainable/Grimmon.gif,170,159,4,1000,19522,c33568cada68c847d06c004d27232f8ab23222875f1fa55931b061c1d3e7f284
Leviamon,unobtainable,原档案特殊分类,assets/vendor/digimon-ds/original/unobtainable/Leviamon.gif,344,170,4,1000,36338,ce6ab36b94b40043ec2d0754eeee3a860f1aa472cc54616fc3ca02dc5eac06e1
Merukimon,unobtainable,原档案特殊分类,assets/vendor/digimon-ds/original/unobtainable/Merukimon.gif,134,172,4,1000,24679,c95a9e243234ee57d8b0119c797bff1691548025ad2b922f096b7b8c6d77d157
OphanimonCore,unobtainable,原档案特殊分类,assets/vendor/digimon-ds/original/unobtainable/OphanimonCore.gif,114,160,4,1000,33985,f19743da3fabfbd27080f60cc9882aa69bbdc048d6ab22e258aa533937cd819c
QuingLongmon,unobtainable,原档案特殊分类,assets/vendor/digimon-ds/original/unobtainable/QuingLongmon.gif,280,280,4,800,36182,ba00385e20e2d4d0d3cf59f46b63193e163177a2996163a3b2d5e52ab4962ef9
SkullBarukimon,unobtainable,原档案特殊分类,assets/vendor/digimon-ds/original/unobtainable/SkullBarukimon.gif,141,146,4,1000,17093,a326dc42d2f29ff40db059c011e582aedaa223ed390e0f2ba58c0de02ec0f8af
Spinomon,unobtainable,原档案特殊分类,assets/vendor/digimon-ds/original/unobtainable/Spinomon.gif,129,160,4,1000,49094,5dcce1f95b05978a338c0ed69e2c8b38c36b6703a463596bdd1c3eccf8867176
WaruSeadramon,unobtainable,原档案特殊分类,assets/vendor/digimon-ds/original/unobtainable/WaruSeadramon.gif,156,158,4,1000,18845,8ecb1a5b105d9f8a3e7a73437cf02a0ad7cafbb6ec27604fe3999aefd385d439
Xuanwumon,unobtainable,原档案特殊分类,assets/vendor/digimon-ds/original/unobtainable/Xuanwumon.gif,230,230,4,800,29850,c299c2168759443d6c757837301e5e02830791e78c200814b8b8024fbc94f9a4
Zhuqiaomon,unobtainable,原档案特殊分类,assets/vendor/digimon-ds/original/unobtainable/Zhuqiaomon.gif,300,300,4,800,32843,f525690ddc5010cda1c31881a783d14425e817e25fabc5560c34419d4d83b562
